<?xml version="1.0" encoding="UTF-8"?>
<config
        xmlns:xsi='http://www.w3.org/2001/XMLSchema-instance'
        xmlns='http://www.ehcache.org/v3'
        xsi:schemaLocation="http://www.ehcache.org/v3 http://www.ehcache.org/schema/ehcache-core.xsd">
    <persistence directory="/mycache"/>
    <cache alias="jvmAggregator">
        <key-type>java.lang.String</key-type>
        <value-type>org.cboard.cache.CacheObject</value-type>
        <expiry>
            <ttl unit="hours">12</ttl>
        </expiry>
        <resources>
            <heap unit="MB">100</heap>
            <disk unit="GB">500</disk>
        </resources>
    </cache>
</config>
