<?xml version="1.0" encoding="UTF-8"?>
<beans xmlns="http://www.springframework.org/schema/beans"
       xmlns:xsi="http://www.w3.org/2001/XMLSchema-instance" xmlns:context="http://www.springframework.org/schema/context"
       xmlns:p="http://www.springframework.org/schema/p"
       xsi:schemaLocation="http://www.springframework.org/schema/aop http://www.springframework.org/schema/aop/spring-aop-4.1.xsd
        http://www.springframework.org/schema/beans http://www.springframework.org/schema/beans/spring-beans-4.1.xsd
        http://www.springframework.org/schema/context http://www.springframework.org/schema/context/spring-context-4.1.xsd">

    <!-- 引入数据库配置文件
    <bean id="propertyConfigurer"    class="org.springframework.beans.factory.config.PropertyPlaceholderConfigurer">
        <property name="locations">
            <list>
                <value>classpath:jdbc.properties</value>
                <value>classpath:redis.properties</value>
            </list>
        </property>
    </bean>
    -->
    <!-- 连接池基本参数配置，类似数据库连接池 -->
    <context:property-placeholder location="classpath:redis.properties" ignore-unresolvable="true"/>
    <!-- redis数据源 -->
    <bean id="poolConfig" class="redis.clients.jedis.JedisPoolConfig">
        <!--
        <property name="maxIdle" value="${redis.maxIdle}" />
        <property name="maxTotal" value="${redis.maxActive}" />
        <property name="maxWaitMillis" value="${redis.maxWait}" />
        <property name="testOnBorrow" value="${redis.testOnBorrow}" />
        -->
        <property name="maxIdle" value="300" />
        <property name="maxTotal" value="600" />
        <property name="maxWaitMillis" value="1000" />
        <property name="testOnBorrow" value="true" />
    </bean>
    <!-- Spring-redis连接池管理工厂
    <bean id="jedisConnectionFactory" class="org.springframework.data.redis.connection.jedis.JedisConnectionFactory"
          p:host-name="${redis.host}" p:port="${redis.port}" p:password="${redis.pass}"  p:pool-config-ref="poolConfig"/>-->
    <bean id="jedisConnectionFactory" class="org.springframework.data.redis.connection.jedis.JedisConnectionFactory"
          p:host-name="127.0.0.1" p:port="6379" p:password=""  p:pool-config-ref="poolConfig"/>
    <!-- 使用中间类解决RedisCache.jedisConnectionFactory的静态注入，从而使MyBatis实现第三方缓存 -->
    <bean id="redisCacheTransfer" class="cn.shiyun.cache.RedisCacheTransfer">
        <property name="jedisConnectionFactory" ref="jedisConnectionFactory"/>
    </bean>

    <!--
    <bean id="redisTemplate" class="org.springframework.data.redis.core.RedisTemplate" />
    -->

    <!-- redis 序列化策略 ，通常情况下key值采用String序列化策略， -->
    <!-- 如果不指定序列化策略，StringRedisTemplate的key和value都将采用String序列化策略； -->
    <!-- 但是RedisTemplate的key和value都将采用JDK序列化 这样就会出现采用不同template保存的数据不能用同一个template删除的问题 -->
    <bean id="stringRedisSerializer"
          class="org.springframework.data.redis.serializer.StringRedisSerializer" />

    <bean id="redisTemplate" class="org.springframework.data.redis.core.RedisTemplate"
          p:connection-factory-ref="jedisConnectionFactory">
        <property name="keySerializer">
            <bean class="org.springframework.data.redis.serializer.StringRedisSerializer" />
        </property>
        <property name="valueSerializer">
            <bean class="org.springframework.data.redis.serializer.StringRedisSerializer" />
        </property>
        <property name="hashKeySerializer">
            <bean class="org.springframework.data.redis.serializer.StringRedisSerializer" />
        </property>
        <property name="hashValueSerializer">
            <bean class="org.springframework.data.redis.serializer.StringRedisSerializer" />
        </property>
    </bean>

</beans>