<?xml version="1.0" encoding="UTF-8"?>  
<beans xmlns="http://www.springframework.org/schema/beans"  
    xmlns:xsi="http://www.w3.org/2001/XMLSchema-instance" xmlns:p="http://www.springframework.org/schema/p"  
    xmlns:context="http://www.springframework.org/schema/context"  
    xmlns:mvc="http://www.springframework.org/schema/mvc"  
    xmlns:tx="http://www.springframework.org/schema/tx"
    xsi:schemaLocation="http://www.springframework.org/schema/beans    
                        http://www.springframework.org/schema/beans/spring-beans-3.1.xsd    
                        http://www.springframework.org/schema/context    
                        http://www.springframework.org/schema/context/spring-context-3.1.xsd    
                        http://www.springframework.org/schema/mvc    
                        http://www.springframework.org/schema/mvc/spring-mvc-4.0.xsd
                        http://www.springframework.org/schema/tx 
                     	http://www.springframework.org/schema/tx/spring-tx.xsd"> 
    
    <context:annotation-config />   
    
    <!-- 自动扫描 -->  
    <context:component-scan base-package="cn.shiyun" />  
    <!-- 引入配置文件 -->  
   <!--  <bean id="propertyConfigurer"  
        class="org.springframework.beans.factory.config.PropertyPlaceholderConfigurer">  
        <property name="location" value="classpath:jdbc.properties" />  
    </bean>   -->
  	<!--
    <context:property-placeholder location="classpath:jdbc.properties" system-properties-mode="FALLBACK"/> 
    <bean id="dataSource" class="org.apache.commons.dbcp2.BasicDataSource"  
        destroy-method="close">  
        <property name="driverClassName" value="${driver}" />  
        <property name="url" value="${url}" />  
        <property name="username" value="${username}" />  
        <property name="password" value="${password}" />  

        <property name="initialSize" value="${initialSize}"></property>  

        <property name="maxTotal" value="${maxTotal}"></property>  

        <property name="maxIdle" value="${maxIdle}"></property>  

        <property name="minIdle" value="${minIdle}"></property>  

        <property name="maxWaitMillis" value="${maxWaitMillis}"></property>  
    </bean>
    -->
    <context:property-placeholder location="classpath:jdbc.properties" system-properties-mode="FALLBACK"/>
    <bean id="dataSource" class="org.apache.tomcat.jdbc.pool.DataSource"
          destroy-method="close">
        <property name="driverClassName" value="${driver}" />
        <property name="url" value="${url}" />
        <property name="username" value="${username}" />
        <property name="password" value="${password}" />
        <!-- 初始化连接大小 -->
        <property name="initialSize" value="${initialSize}"></property>
        <!-- 连接池最大数量 -->
        <property name="maxActive" value="${maxTotal}"></property>
        <!-- 连接池最大空闲 -->
        <property name="maxIdle" value="${maxIdle}"></property>
        <!-- 连接池最小空闲 -->
        <property name="minIdle" value="${minIdle}"></property>
        <property name="validationQuery" value="SELECT 1"></property>
        <!-- 获取连接最大等待时间 -->
        <!-- <property name="maxWaitMillis" value="${maxWaitMillis}"></property>   -->
    </bean>

    <!-- spring和MyBatis完美整合，不需要mybatis的配置映射文件 -->  
    <bean id="sqlSessionFactory" class="org.mybatis.spring.SqlSessionFactoryBean">  
        <property name="dataSource" ref="dataSource" />  
        <!-- 引入mybatis配置文件 -->
        <property name="configLocation" value="classpath:mybatis-config.xml" />
        <!-- 自动使用别名 -->
        <!--
        <property name="typeAliasesPackage" value="cn.shiyun.entity"/>
        -->
        <!-- 自动使用别名 -->
        <property name="typeAliasesPackage" value="cn.shiyun.entity"/>
         <!-- 自动扫描mapping.xml文件 -->
        <!-- <property name="mapperLocations" value="classpath:cn/shiyun/mapper/*.xml"></property>   -->
        <property name="mapperLocations" value="classpath:mapper/*.xml"></property>
    </bean>  
  
    <!-- DAO接口所在包名，Spring会自动查找其下的类 -->  
    <bean class="org.mybatis.spring.mapper.MapperScannerConfigurer">  
        <property name="basePackage" value="cn.shiyun.dao" />  
        <property name="sqlSessionFactoryBeanName" value="sqlSessionFactory"></property>  
    </bean>  
  
    <!-- (事务管理)transaction manager, use JtaTransactionManager for global tx -->  
    <bean id="transactionManager"  
        class="org.springframework.jdbc.datasource.DataSourceTransactionManager">  
        <property name="dataSource" ref="dataSource" />  
    </bean>  
  	<!-- 事务注解驱动，标注@Transactional的类和方法将具有事务性 -->  
    <tx:annotation-driven transaction-manager="transactionManager" />  
    
    <!-- 多语言支持,指定多语言文件的源地址 -->
    <bean id="messageSource" class="org.springframework.context.support.ResourceBundleMessageSource">  
        <property name="basenames">    
            <list>  
                <value>messages</value>
            </list>    
        </property>  
          
        <!-- 这个是配置单一路径的做法,也好用  
        <property name="basename">  
            <value>messages</value>  
        </property>  
         -->  
        <property name="defaultEncoding" value="UTF-8" />  
    </bean> 
</beans>  