<beans xmlns="http://www.springframework.org/schema/beans"
       xmlns:xsi="http://www.w3.org/2001/XMLSchema-instance"
       xmlns:p="http://www.springframework.org/schema/p"
       xmlns:mvc="http://www.springframework.org/schema/mvc"
       xmlns:util="http://www.springframework.org/schema/util"
       xmlns:aop="http://www.springframework.org/schema/aop"
       xmlns:context="http://www.springframework.org/schema/context"
       xmlns:task="http://www.springframework.org/schema/task"
       xsi:schemaLocation="http://www.springframework.org/schema/beans
      http://www.springframework.org/schema/beans/spring-beans-4.3.xsd
      http://www.springframework.org/schema/util
      http://www.springframework.org/schema/util/spring-util-4.3.xsd
      http://www.springframework.org/schema/mvc
      http://www.springframework.org/schema/mvc/spring-mvc-4.3.xsd
      http://www.springframework.org/schema/aop
      http://www.springframework.org/schema/aop/spring-aop-4.3.xsd
      http://www.springframework.org/schema/context
      http://www.springframework.org/schema/context/spring-context-4.3.xsd">


    <!-- 连接池基本参数配置，类似数据库连接池 -->
    <context:property-placeholder location="classpath:redis.properties" />

    <bean id="poolConfig" class="redis.clients.jedis.JedisPoolConfig">
        <property name="maxIdle" value="${redis.maxIdle}" />
        <property name="testOnBorrow" value="${redis.testOnBorrow}"/>
    </bean>

    <!-- 连接池配置，类似数据库连接池 -->
    <bean id="connectionFactory" class="org.springframework.data.redis.connection.jedis.JedisConnectionFactory" >
        <property name="hostName" value="${redis.host}"></property>
        <property name="port" value="${redis.port}"></property>
        <property name="password" value="${redis.pass}"></property>
        <property name="poolConfig"  ref="poolConfig"></property>
    </bean>

    <!-- 调用连接池工厂配置 -->
    <bean id="redisTemplate" class=" org.springframework.data.redis.core.RedisTemplate">
        <property name="connectionFactory" ref="connectionFactory"></property>

        <!--  如果不配置Serializer，那么存储的时候智能使用String，如果用User类型存储，那么会提示错误User can't cast
         to String！！！   -->
        <property name="keySerializer">
            <bean
                    class="org.springframework.data.redis.serializer.StringRedisSerializer" />
        </property>
        <property name="valueSerializer">
            <bean
                    class="org.springframework.data.redis.serializer.JdkSerializationRedisSerializer" />
        </property>
    </bean>
</beans>