<?xml version="1.0" encoding="UTF-8" ?> 
<!DOCTYPE mapper PUBLIC "-//mybatis.org//DTD Mapper 3.0//EN" 
"http://mybatis.org/dtd/mybatis-3-mapper.dtd"> 
<mapper namespace="cn.shiyun.dao.EmpOutletDao">

	<!--  启用Redis二级缓存机制 -->
	<!--
    <cache type="cn.shiyun.cache.RedisCache" />
    -->

     <select id="getOutletByEmp" parameterType="String" resultType="map">
     	<if test="_parameter != null and _parameter != ''">
        	select o.outletname,o.outletid
        	from bi.sy_empoutletrela e,bi.dim_outlet o 
        	where e.outletid = o.outletid 
        	and	o.enddate = '2200-01-01 00:00:00'
        	and	e.outletid > 0
        	and e.username=#{userName}
        	union
        	select '所有' outletname,0 outletid
        	from bi.sy_empoutletrela e  
        	where e.outletid = 0
        	and e.username=#{userName}
        	order by outletname
        </if>
    </select>
     
     <insert id="insertEmpOutlet" useGeneratedKeys="true" keyProperty="id">
     	 insert into bi.sy_empoutletrela(username,outletid,status,mtime) values
     	 <foreach collection="list" item="item" separator="," >
     	 (#{item.username},#{item.outletid},10,now())
     	 </foreach>
    </insert>
     
     <delete id="deleteEmpOutlet">
         delete from bi.sy_empoutletrela where username=#{username} and outletid in
          <foreach collection="outletid" item="item" open="(" separator="," close=")">
     	 	#{item}
     	 </foreach>
     </delete>
</mapper> 